[
    {
        "name": "CATEGORIA 1",
        "samples": [
            {
                "channelID": "CANAL 1",
                "name": "CANAL1",
                "uri": "http://urldelcanalmpd",
                "icono": "http://urldeliconodelcanal",
                "drm_scheme": "clearkey",
                "drm_license_uri": "http://urldelaclaveremota"
            },
            {
                "channelID": "CANAL 2",
                "name": "CANAL2",
                "uri": "http://urldelcanalm3u8.com/index.m3u8",
                "icono": "http://urldeliconodelcanal"
               
            }
]
},
    {
        "name": "CATEGORIA 2",
        "samples": [
            {
                "channelID": "CANAL 3",
                "name": "CANAL3",
                "uri": "http://urldelcanalmpd",
                "icono": "http://urldeliconodelcanal",
                "drm_scheme": "clearkey",
                "drm_license_uri": "http://urldelaclaveremota"
            },
            {
                "channelID": "CANAL 4",
                "name": "CANAL4",
                "uri": "http://urldelcanalm3u8.com/index.m3u8",
                "icono": "http://urldeliconodelcanal"
               
            },
{
                "channelID": "CANAL 5",
                "name": "CANAL5",
                "uri": "http://urldelcanalm3u8.com/index.m3u8",
                "icono": "http://urldeliconodelcanal"
               
            },
]
}
]